date,step_length_avg,step_length_min,step_length_max,count
2023-12-26,68.875,45.0,81.0,24
2023-12-27,67.23287671232876,43.0,84.0,73
2023-12-28,68.46875,54.0,86.0,64
2023-12-29,63.26,42.0,80.0,50
2023-12-30,65.54736842105264,48.0,98.0,95
2023-12-31,64.47727272727273,45.0,96.0,88
2024-01-01,66.93069306930693,51.0,92.0,101
2024-01-02,67.59803921568627,50.0,107.0,102
2024-01-03,62.71153846153846,40.0,82.0,52
2024-01-04,63.3968253968254,44.0,80.0,63
2024-01-05,61.84782608695652,45.0,80.0,46
2024-01-06,68.53333333333333,38.0,98.0,60
2024-01-07,67.88157894736842,46.0,96.0,76
2024-01-08,65.49056603773585,47.0,93.0,53
2024-01-09,63.21212121212121,36.0,86.0,99
2024-01-10,63.726190476190474,38.0,102.0,84
2024-01-11,63.77777777777778,37.0,80.0,45
2024-01-12,68.06896551724138,43.0,85.0,29
2024-01-13,69.1,53.0,85.0,60
2024-01-14,68.24074074074075,49.0,102.0,54
2024-01-15,69.61538461538461,48.0,106.0,78
2024-01-16,68.609375,44.0,92.0,64
2024-01-17,67.72340425531915,48.0,87.0,47
2024-01-18,69.16666666666667,46.0,96.0,42
2024-01-19,68.5945945945946,51.0,92.0,37
2024-01-20,69.73611111111111,42.0,95.0,72
2024-01-21,70.07692307692308,41.0,108.0,39
2024-01-22,71.44444444444444,53.0,84.0,45
2024-01-23,65.32558139534883,47.0,83.0,43
2024-01-24,68.02272727272727,38.0,92.0,44
2024-01-25,68.96969696969697,51.0,85.0,33
2024-01-26,71.06349206349206,54.0,92.0,63
2024-01-27,67.52727272727273,39.0,90.0,55
2024-01-28,67.6029411764706,50.0,91.0,68
2024-01-29,65.47222222222223,39.0,91.0,72
2024-01-30,67.63157894736842,53.0,107.0,38
2024-01-31,71.87755102040816,39.0,88.0,49
2024-02-01,66.75,42.0,84.0,20
2024-02-02,64.75308641975309,44.0,90.0,81
2024-02-03,73.5,59.0,87.0,8
2024-02-07,71.4,63.0,76.0,5
2024-02-08,64.57446808510639,33.0,89.0,47
2024-02-09,76.18181818181819,59.0,93.0,11
2024-02-10,69.29629629629629,51.0,89.0,54
2024-02-11,65.8,54.0,79.0,5
2024-02-13,68.84,55.0,83.0,25
2024-02-15,74.875,56.0,105.0,40
2024-02-17,77.93333333333334,55.0,139.0,15
2024-02-18,64.11111111111111,45.0,92.0,72
2024-02-19,71.53571428571429,47.0,87.0,28
2024-02-20,61.5,52.0,71.0,2
2024-02-21,73.0,54.0,95.0,25
2024-02-22,66.375,56.0,73.0,8
2024-02-23,70.41095890410959,40.0,88.0,73
2024-02-24,69.0875,29.0,98.0,80
2024-02-25,69.33870967741936,46.0,86.0,62
2024-02-26,69.94444444444444,51.0,95.0,54
2024-02-27,68.33928571428571,51.0,85.0,56
2024-02-28,71.43076923076923,52.0,94.0,65
2024-02-29,67.41538461538461,48.0,85.0,65
2024-03-01,68.91954022988506,44.0,95.0,87
2024-03-02,69.38636363636364,44.0,95.0,44
2024-03-03,69.78688524590164,38.0,85.0,61
2024-03-04,69.65753424657534,44.0,86.0,73
2024-03-05,72.43396226415095,44.0,91.0,53
2024-03-06,73.59574468085107,48.0,93.0,47
2024-03-07,69.20370370370371,43.0,91.0,54
2024-03-08,64.8,48.0,86.0,50
2024-03-09,72.10344827586206,51.0,92.0,58
2024-03-10,69.02380952380952,54.0,83.0,42
2024-03-11,70.88888888888889,56.0,84.0,63
2024-03-12,70.82142857142857,45.0,84.0,56
2024-03-13,68.06349206349206,46.0,80.0,63
2024-03-14,67.52631578947368,49.0,94.0,57
2024-03-15,68.40425531914893,50.0,83.0,47
2024-03-16,70.88235294117646,51.0,92.0,34
2024-03-17,68.43589743589743,35.0,90.0,78
2024-03-18,66.78,48.0,87.0,50
2024-03-19,66.36111111111111,47.0,84.0,72
2024-03-20,70.82758620689656,53.0,91.0,58
2024-03-21,69.11827956989248,49.0,92.0,93
2024-03-22,67.77966101694915,51.0,113.0,59
2024-03-23,67.14893617021276,57.0,86.0,47
2024-03-24,66.20833333333333,51.0,80.0,48
2024-03-25,67.75862068965517,51.0,88.0,58
2024-03-26,69.77777777777777,46.0,121.0,45
2024-03-27,70.81012658227849,58.0,101.0,79
2024-03-28,70.29629629629629,40.0,88.0,54
2024-03-29,71.47916666666667,54.0,93.0,48
2024-03-30,67.8125,37.0,94.0,16
2024-03-31,73.16,41.0,103.0,25
2024-04-01,74.16949152542372,45.0,96.0,59
2024-04-02,75.28333333333333,47.0,97.0,60
2024-04-03,73.54545454545455,53.0,96.0,55
2024-04-04,67.53333333333333,35.0,89.0,15
2024-04-05,74.14754098360656,59.0,89.0,61
2024-04-06,70.5,30.0,98.0,34
2024-04-07,73.04,30.0,93.0,50
2024-04-08,68.74509803921569,36.0,84.0,51
2024-04-09,74.17391304347827,31.0,111.0,69
2024-04-10,72.1864406779661,58.0,92.0,59
2024-04-11,73.03636363636363,30.0,103.0,55
2024-04-12,73.02631578947368,39.0,93.0,38
2024-04-13,64.93333333333334,30.0,106.0,15
2024-04-14,70.2,38.0,97.0,45
2024-04-15,68.95833333333333,26.0,103.0,48
2024-04-16,70.73170731707317,27.0,96.0,41
2024-04-17,71.71428571428571,25.0,83.0,35
2024-04-18,73.21428571428571,34.0,104.0,42
2024-04-19,69.72727272727273,52.0,91.0,44
2024-04-20,68.0,26.0,85.0,16
2024-04-21,71.70967741935483,51.0,84.0,31
2024-04-22,70.22413793103448,30.0,92.0,58
2024-04-23,71.21538461538462,28.0,99.0,65
2024-04-24,70.76785714285714,41.0,88.0,56
2024-04-25,73.16666666666667,29.0,97.0,42
2024-04-26,71.24444444444444,31.0,109.0,45
2024-04-27,74.73333333333333,53.0,95.0,15
2024-04-28,74.11428571428571,35.0,97.0,35
2024-04-29,73.54838709677419,56.0,88.0,31
2024-04-30,69.88095238095238,36.0,88.0,42
2024-05-01,68.6,33.0,99.0,80
2024-05-02,70.0,50.0,89.0,61
2024-05-03,67.26923076923077,50.0,101.0,78
2024-05-04,72.38461538461539,49.0,83.0,13
2024-05-05,70.2463768115942,43.0,113.0,69
2024-05-06,72.01724137931035,35.0,109.0,58
2024-05-07,70.07462686567165,31.0,86.0,67
2024-05-08,72.2127659574468,54.0,86.0,47
2024-05-09,72.43478260869566,50.0,97.0,46
2024-05-10,72.89655172413794,35.0,111.0,29
2024-05-11,69.61363636363636,35.0,88.0,44
2024-05-12,70.06603773584905,41.0,87.0,106
2024-05-13,72.84615384615384,24.0,88.0,39
2024-05-14,71.18367346938776,49.0,89.0,49
2024-05-15,67.02702702702703,23.0,89.0,37
2024-05-16,68.3409090909091,26.0,96.0,44
2024-05-17,73.55555555555556,56.0,98.0,45
2024-05-18,65.35593220338983,49.0,91.0,118
2024-05-19,70.12,44.0,82.0,25
2024-05-20,59.4,44.0,67.0,5
2024-05-21,71.26530612244898,40.0,91.0,49
2024-05-22,67.07407407407408,52.0,88.0,54
2024-05-23,71.28378378378379,43.0,95.0,74
2024-05-24,69.11029411764706,41.0,90.0,136
2024-05-25,67.24590163934427,47.0,84.0,61
2024-05-26,65.7741935483871,40.0,80.0,62
2024-05-27,67.86746987951807,39.0,89.0,83
2024-05-28,69.52173913043478,46.0,85.0,69
2024-05-29,69.09174311926606,38.0,88.0,109
2024-05-30,69.93181818181819,28.0,87.0,44
2024-05-31,67.14893617021276,48.0,81.0,94
2024-06-01,69.55172413793103,55.0,92.0,58
2024-06-02,64.99264705882354,41.0,102.0,136
2024-06-03,66.23478260869565,44.0,99.0,115
2024-06-04,65.35135135135135,51.0,104.0,74
2024-06-05,65.73846153846154,39.0,93.0,130
2024-06-06,67.48818897637796,35.0,93.0,127
2024-06-07,60.294117647058826,36.0,93.0,34
2024-06-08,62.34736842105263,35.0,93.0,95
2024-06-09,66.8082191780822,55.0,87.0,73
2024-06-10,63.6875,41.0,86.0,64
2024-06-11,70.11627906976744,32.0,82.0,43
2024-06-12,70.98,39.0,91.0,50
2024-06-13,71.90789473684211,42.0,93.0,76
2024-06-14,70.8125,63.0,82.0,32
2024-06-15,64.94047619047619,48.0,84.0,84
2024-06-16,70.53846153846153,50.0,91.0,26
2024-06-17,67.0625,52.0,93.0,48
2024-06-18,64.85365853658537,34.0,105.0,41
2024-06-19,69.95555555555555,51.0,86.0,45
2024-06-20,69.625,48.0,84.0,48
2024-06-21,70.52941176470588,51.0,109.0,51
2024-06-22,68.9090909090909,57.0,96.0,11
2024-06-23,64.72093023255815,45.0,82.0,43
2024-06-24,67.79545454545455,52.0,94.0,44
2024-06-25,68.625,56.0,100.0,56
2024-06-26,70.07317073170732,47.0,86.0,41
2024-06-27,68.93650793650794,56.0,89.0,63
2024-06-28,66.94117647058823,22.0,92.0,51
2024-06-29,71.30357142857143,56.0,102.0,56
2024-06-30,70.63333333333334,61.0,86.0,30
2024-07-01,69.625,40.0,87.0,48
2024-07-02,72.68085106382979,58.0,110.0,47
2024-07-03,69.26923076923077,48.0,92.0,52
2024-07-04,69.4,31.0,101.0,50
2024-07-05,70.33846153846154,54.0,94.0,65
2024-07-06,70.89189189189189,61.0,89.0,37
2024-07-07,70.76190476190476,60.0,88.0,21
2024-07-08,69.28846153846153,29.0,85.0,52
2024-07-09,69.94029850746269,53.0,115.0,67
2024-07-10,69.16363636363636,46.0,94.0,55
2024-07-11,73.52631578947368,58.0,91.0,38
2024-07-12,67.57575757575758,30.0,113.0,33
2024-07-13,65.52777777777777,49.0,86.0,36
2024-07-14,68.68,59.0,83.0,25
2024-07-15,72.96969696969697,62.0,90.0,33
2024-07-16,64.88636363636364,24.0,83.0,44
2024-07-17,67.4,56.0,79.0,15
2024-07-18,66.52941176470588,41.0,88.0,34
2024-07-19,66.91304347826087,50.0,91.0,23
2024-07-20,67.25396825396825,51.0,84.0,63
2024-07-21,71.25925925925925,52.0,97.0,54
2024-07-22,72.08620689655173,55.0,100.0,58
2024-07-23,73.22,57.0,98.0,50
2024-07-24,68.59183673469387,26.0,90.0,49
2024-07-25,69.46511627906976,50.0,82.0,43
2024-07-26,68.32786885245902,52.0,92.0,61
2024-07-27,68.26666666666667,31.0,94.0,30
2024-07-28,69.4,54.0,99.0,45
2024-07-29,69.65217391304348,43.0,95.0,46
2024-07-30,70.22857142857143,20.0,101.0,35
2024-07-31,70.9090909090909,53.0,91.0,33
2024-08-01,73.65,58.0,102.0,40
2024-08-02,68.81818181818181,27.0,82.0,44
2024-08-03,73.29729729729729,57.0,95.0,37
2024-08-04,71.01818181818182,49.0,98.0,55
2024-08-05,69.86538461538461,48.0,104.0,52
2024-08-06,69.77333333333333,34.0,94.0,75
2024-08-07,72.04255319148936,52.0,93.0,47
2024-08-08,67.06153846153846,36.0,86.0,65
2024-08-09,69.37254901960785,43.0,88.0,51
2024-08-10,65.14035087719299,39.0,103.0,114
2024-08-11,67.0721649484536,53.0,95.0,97
2024-08-12,66.64406779661017,35.0,99.0,59
2024-08-13,67.3108108108108,29.0,99.0,74
2024-08-14,68.03174603174604,50.0,86.0,63
2024-08-15,66.5576923076923,52.0,85.0,52
2024-08-16,70.44897959183673,46.0,91.0,49
2024-08-17,69.69565217391305,53.0,104.0,46
2024-08-18,70.0377358490566,56.0,92.0,53
2024-08-19,66.40677966101696,21.0,100.0,59
2024-08-20,71.91111111111111,27.0,95.0,45
2024-08-21,72.61666666666666,58.0,91.0,60
2024-08-22,69.15789473684211,22.0,87.0,38
2024-08-23,72.25,59.0,84.0,32
2024-08-24,69.51612903225806,49.0,91.0,31
2024-08-25,71.42424242424242,56.0,91.0,33
2024-08-26,67.62264150943396,14.0,82.0,53
2024-08-27,72.6923076923077,57.0,87.0,26
2024-08-28,72.02702702702703,47.0,95.0,37
2024-08-29,69.50909090909092,27.0,86.0,55
2024-08-30,67.54545454545455,32.0,82.0,44
2024-08-31,67.1219512195122,49.0,88.0,41
2024-09-01,65.76190476190476,36.0,85.0,21
2024-09-02,75.48529411764706,50.0,103.0,68
2024-09-03,70.625,42.0,86.0,32
2024-09-04,73.29310344827586,48.0,115.0,58
2024-09-05,73.11111111111111,60.0,105.0,45
2024-09-06,69.50769230769231,23.0,91.0,65
2024-09-07,64.06896551724138,18.0,96.0,58
2024-09-08,66.29411764705883,58.0,91.0,17
2024-09-09,71.43137254901961,40.0,106.0,51
2024-09-10,68.01428571428572,35.0,90.0,70
2024-09-11,67.15686274509804,50.0,83.0,51
2024-09-12,70.60714285714286,56.0,108.0,56
2024-09-13,65.91836734693878,16.0,107.0,49
2024-09-14,67.24444444444444,29.0,104.0,45
2024-09-15,77.5,76.0,79.0,2
2024-09-16,73.52525252525253,33.0,111.0,99
2024-09-17,68.09375,57.0,103.0,32
2024-09-18,70.15517241379311,26.0,84.0,58
2024-09-19,69.88679245283019,31.0,104.0,53
2024-09-20,69.9,34.0,94.0,40
2024-09-21,64.95833333333333,26.0,86.0,24
2024-09-22,71.17241379310344,55.0,88.0,29
2024-09-23,69.5625,56.0,94.0,64
2024-09-24,70.56603773584905,36.0,86.0,53
2024-09-25,70.25714285714285,48.0,98.0,35
2024-09-26,70.83720930232558,55.0,94.0,43
2024-09-27,71.625,53.0,115.0,64
2024-09-28,66.23076923076923,33.0,78.0,39
2024-09-29,67.8375,53.0,94.0,80
2024-09-30,65.24193548387096,25.0,87.0,62
2024-10-01,62.88095238095238,31.0,103.0,42
2024-10-02,45.25,26.0,73.0,12
2024-10-03,64.74226804123711,23.0,86.0,97
2024-10-04,65.17460317460318,31.0,88.0,63
2024-10-05,63.19298245614035,29.0,89.0,57
2024-10-06,70.69444444444444,42.0,93.0,36
2024-10-08,72.15151515151516,56.0,92.0,33
2024-10-09,73.57894736842105,54.0,120.0,38
2024-10-10,70.16,50.0,90.0,50
2024-10-11,69.82222222222222,47.0,86.0,45
2024-10-12,70.39393939393939,23.0,89.0,33
2024-10-13,69.88461538461539,41.0,101.0,26
2024-10-14,67.14583333333333,51.0,82.0,48
2024-10-15,69.86363636363636,49.0,87.0,44
2024-10-16,70.38028169014085,36.0,117.0,71
2024-10-17,70.4,27.0,117.0,65
2024-10-18,66.62222222222222,28.0,90.0,45
2024-10-19,68.70370370370371,38.0,91.0,27
2024-10-20,64.26666666666667,19.0,83.0,30
2024-10-21,71.73076923076923,29.0,98.0,26
2024-10-22,70.87179487179488,41.0,95.0,39
2024-10-23,72.0,56.0,89.0,27
2024-10-24,69.65853658536585,35.0,94.0,41
2024-10-25,70.71428571428571,26.0,99.0,70
2024-10-26,69.91489361702128,46.0,111.0,47
2024-10-27,72.55,59.0,89.0,20
2024-10-28,68.97872340425532,41.0,95.0,47
2024-10-29,67.03225806451613,15.0,99.0,31
2024-10-30,68.22222222222223,31.0,81.0,27
2024-10-31,67.04761904761905,25.0,85.0,42
2024-11-01,67.88888888888889,55.0,92.0,36
2024-11-02,67.12903225806451,56.0,90.0,31
2024-11-03,70.47826086956522,55.0,82.0,23
2024-11-04,72.08695652173913,51.0,92.0,46
2024-11-05,69.98,21.0,135.0,100
2024-11-06,70.38888888888889,54.0,92.0,36
2024-11-07,69.15384615384616,44.0,85.0,26
2024-11-08,68.60714285714286,53.0,83.0,28
2024-11-09,70.88461538461539,56.0,95.0,26
2024-11-10,70.59701492537313,54.0,96.0,67
2024-11-11,70.19565217391305,39.0,84.0,46
2024-11-12,68.8048780487805,36.0,88.0,41
2024-11-13,66.54545454545455,34.0,94.0,55
2024-11-14,71.41538461538461,46.0,102.0,65
2024-11-15,72.06818181818181,53.0,89.0,44
2024-11-16,68.48936170212765,58.0,86.0,47
2024-11-17,71.44736842105263,60.0,88.0,38
2024-11-18,76.82978723404256,59.0,94.0,47
2024-11-19,69.86046511627907,22.0,93.0,43
2024-11-20,73.84615384615384,60.0,91.0,65
2024-11-21,75.61290322580645,42.0,104.0,31
2024-11-22,73.78688524590164,56.0,93.0,61
2024-11-23,71.31914893617021,59.0,94.0,47
2024-11-24,72.23529411764706,52.0,91.0,85
2024-11-25,71.67605633802818,54.0,91.0,71
2024-11-26,72.43589743589743,55.0,86.0,78
2024-11-27,75.55263157894737,51.0,91.0,38
2024-11-28,71.8,49.0,96.0,60
2024-11-29,73.79710144927536,25.0,93.0,69
2024-11-30,65.67123287671232,36.0,90.0,146
2024-12-01,72.28767123287672,54.0,106.0,73
2024-12-02,72.85714285714286,34.0,94.0,63
2024-12-03,78.32075471698113,53.0,95.0,53
2024-12-04,72.859375,54.0,95.0,64
2024-12-05,70.25490196078431,57.0,93.0,51
2024-12-06,72.375,37.0,88.0,24
2024-12-07,71.37837837837837,36.0,98.0,37
2024-12-08,71.10714285714286,45.0,90.0,28
2024-12-09,76.3157894736842,34.0,99.0,57
2024-12-10,72.93333333333334,61.0,94.0,45
2024-12-11,69.53225806451613,45.0,98.0,62
2024-12-12,68.9090909090909,51.0,88.0,55
2024-12-13,70.8125,48.0,96.0,48
2024-12-14,69.16494845360825,45.0,112.0,97
2024-12-15,66.77777777777777,26.0,92.0,27
2024-12-16,68.07692307692308,30.0,83.0,52
2024-12-17,69.57377049180327,31.0,101.0,61
2024-12-18,71.77777777777777,54.0,87.0,27
2024-12-19,75.60655737704919,56.0,104.0,61
2024-12-20,73.0,41.0,105.0,67
2024-12-21,69.42574257425743,43.0,84.0,101
2024-12-22,73.73684210526316,52.0,91.0,19
2024-12-23,73.83720930232558,35.0,109.0,43
2024-12-24,71.88235294117646,40.0,91.0,34
2024-12-25,72.75,42.0,90.0,40
2024-12-26,79.52,64.0,113.0,25
2024-12-27,71.25714285714285,56.0,87.0,35
2024-12-28,68.75555555555556,43.0,101.0,90
2024-12-29,63.94117647058823,46.0,85.0,51
2024-12-30,71.575,35.0,80.0,40
2024-12-31,70.66666666666667,24.0,89.0,30
2025-01-01,70.33333333333333,46.0,85.0,24
2025-01-02,75.6875,54.0,99.0,32
2025-01-03,73.95454545454545,52.0,94.0,22
2025-01-04,76.1,50.0,108.0,20
2025-01-05,74.25396825396825,40.0,90.0,63
2025-01-06,72.2,26.0,94.0,35
2025-01-07,75.07692307692308,57.0,91.0,26
2025-01-08,71.97435897435898,47.0,91.0,39
2025-01-09,72.2,31.0,101.0,45
2025-01-10,71.31818181818181,44.0,92.0,44
2025-01-11,70.23529411764706,50.0,95.0,17
2025-01-12,70.07692307692308,47.0,93.0,26
2025-01-13,72.8913043478261,49.0,110.0,46
2025-01-14,71.2439024390244,57.0,90.0,41
2025-01-15,71.35555555555555,52.0,85.0,45
2025-01-16,73.57575757575758,59.0,87.0,33
2025-01-17,74.85365853658537,59.0,88.0,41
2025-01-18,70.79069767441861,61.0,96.0,43
2025-01-19,76.13333333333334,60.0,96.0,15
2025-01-20,74.1875,50.0,110.0,64
2025-01-21,71.35849056603773,48.0,94.0,53
2025-01-22,73.325,33.0,111.0,40
2025-01-23,70.44444444444444,29.0,94.0,27
2025-01-24,75.71428571428571,52.0,97.0,42
2025-01-25,73.34482758620689,58.0,94.0,29
2025-01-26,71.03846153846153,43.0,95.0,26
2025-01-28,68.42857142857143,52.0,83.0,14
2025-01-29,63.21739130434783,52.0,72.0,23
2025-01-30,55.0,55.0,55.0,1
2025-01-31,64.02941176470588,37.0,94.0,68
2025-02-01,74.90196078431373,47.0,99.0,51
2025-02-03,74.21739130434783,56.0,86.0,23
2025-02-04,72.76190476190476,52.0,90.0,21
2025-02-05,70.02941176470588,54.0,92.0,34
2025-02-06,62.0,38.0,75.0,14
2025-02-07,72.15,58.0,93.0,20
2025-02-08,67.60526315789474,40.0,84.0,38
2025-02-09,73.75,64.0,97.0,20
2025-02-10,72.86666666666666,53.0,113.0,45
2025-02-11,72.55172413793103,45.0,89.0,29
2025-02-12,75.30555555555556,63.0,100.0,36
2025-02-13,70.33333333333333,58.0,90.0,21
2025-02-14,74.05882352941177,59.0,97.0,34
2025-02-15,70.9,58.0,86.0,20
2025-02-16,71.6,48.0,94.0,30
2025-02-17,72.10204081632654,54.0,94.0,49
2025-02-18,73.4375,60.0,87.0,32
2025-02-19,76.33333333333333,63.0,110.0,42
2025-02-20,78.84615384615384,58.0,99.0,39
2025-02-21,73.36363636363636,49.0,100.0,33
2025-02-22,69.76923076923077,59.0,104.0,26
2025-02-23,70.95238095238095,57.0,100.0,21
2025-02-24,71.22641509433963,53.0,88.0,53
2025-02-25,72.07317073170732,42.0,90.0,41
2025-02-26,72.575,57.0,92.0,40
2025-02-27,72.28571428571429,33.0,110.0,56
2025-02-28,72.625,54.0,97.0,32
2025-03-01,71.65625,55.0,91.0,32
2025-03-02,71.45714285714286,39.0,106.0,70
2025-03-03,73.41463414634147,52.0,89.0,41
2025-03-04,77.23255813953489,65.0,108.0,43
2025-03-05,71.4888888888889,59.0,95.0,45
2025-03-06,71.734375,27.0,85.0,64
2025-03-07,72.76785714285714,58.0,88.0,56
2025-03-08,67.35514018691589,46.0,92.0,107
2025-03-09,66.53125,55.0,79.0,32
2025-03-10,75.05,54.0,106.0,40
2025-03-11,72.16981132075472,59.0,96.0,53
2025-03-12,66.41379310344827,35.0,96.0,58
2025-03-13,69.03448275862068,53.0,95.0,58
2025-03-14,69.3170731707317,43.0,87.0,41
2025-03-15,74.46153846153847,63.0,104.0,26
2025-03-16,73.0,56.0,98.0,47
2025-03-17,71.1875,39.0,99.0,32
2025-03-18,71.16666666666667,59.0,87.0,30
2025-03-19,71.5952380952381,30.0,89.0,42
2025-03-20,71.1951219512195,46.0,89.0,41
2025-03-21,73.21739130434783,46.0,102.0,46
2025-03-22,69.07692307692308,44.0,97.0,52
2025-03-23,69.30508474576271,55.0,92.0,59
2025-03-24,70.76,41.0,88.0,50
2025-03-25,74.6969696969697,55.0,87.0,33
2025-03-26,77.58536585365853,62.0,100.0,41
2025-03-27,73.16161616161617,50.0,122.0,99
2025-03-28,71.91111111111111,38.0,87.0,45
2025-03-29,73.06666666666666,46.0,94.0,30
2025-03-30,74.45714285714286,47.0,93.0,35
2025-03-31,70.59615384615384,36.0,90.0,52
2025-04-01,69.48648648648648,47.0,84.0,37
2025-04-02,73.17021276595744,59.0,106.0,47
2025-04-03,70.72093023255815,45.0,95.0,43
2025-04-04,71.0625,50.0,102.0,80
2025-04-05,67.74285714285715,44.0,87.0,140
2025-04-06,73.84615384615384,57.0,107.0,39
2025-04-07,70.94736842105263,30.0,103.0,38
2025-04-08,72.53191489361703,25.0,109.0,47
2025-04-09,70.5,46.0,83.0,56
2025-04-10,71.83673469387755,61.0,86.0,49
2025-04-11,70.24,34.0,96.0,50
2025-04-12,74.625,53.0,95.0,16
2025-04-13,69.89473684210526,40.0,105.0,19
2025-04-14,67.14583333333333,25.0,91.0,48
2025-04-15,73.8,59.0,95.0,35
2025-04-16,71.98,52.0,93.0,50
2025-04-17,72.92592592592592,29.0,98.0,54
2025-04-18,72.02702702702703,39.0,92.0,37
2025-04-19,69.43589743589743,26.0,91.0,78
2025-04-20,71.85714285714286,57.0,85.0,28
2025-04-21,73.26666666666667,24.0,98.0,30
2025-04-22,72.86666666666666,54.0,89.0,45
2025-04-23,70.13157894736842,21.0,91.0,38
2025-04-24,71.01886792452831,44.0,88.0,53
2025-04-25,72.37037037037037,43.0,93.0,54
2025-04-26,68.17857142857143,53.0,88.0,56
2025-04-27,74.92156862745098,58.0,93.0,51
2025-04-28,69.29166666666667,29.0,94.0,48
2025-04-29,74.70666666666666,54.0,92.0,75
2025-04-30,69.58461538461539,52.0,90.0,65
2025-05-01,63.083333333333336,23.0,83.0,24
2025-05-02,67.71111111111111,46.0,97.0,45
2025-05-03,62.300813008130085,38.0,92.0,123
2025-05-04,64.1304347826087,46.0,89.0,92
2025-05-05,68.58064516129032,53.0,80.0,31
2025-05-06,70.38888888888889,28.0,104.0,36
2025-05-07,70.8048780487805,52.0,88.0,41
2025-05-08,72.38235294117646,19.0,105.0,68
2025-05-09,69.325,27.0,90.0,40
2025-05-10,67.625,47.0,90.0,48
2025-05-11,71.81159420289855,34.0,91.0,69
2025-05-12,69.9795918367347,35.0,89.0,49
2025-05-13,70.79591836734694,24.0,87.0,49
2025-05-14,71.97727272727273,54.0,86.0,44
2025-05-15,69.43137254901961,33.0,100.0,51
2025-05-16,69.46341463414635,55.0,84.0,41
2025-05-17,70.72222222222223,56.0,93.0,18
2025-05-18,67.03846153846153,34.0,84.0,26
2025-05-19,64.86,30.0,85.0,50
2025-05-20,71.10714285714286,48.0,87.0,56
2025-05-21,71.10810810810811,33.0,100.0,37
2025-05-22,69.25714285714285,22.0,95.0,35
2025-05-23,70.09433962264151,55.0,90.0,53
2025-05-24,69.51063829787235,56.0,113.0,47
2025-05-25,67.84210526315789,56.0,89.0,57
2025-05-26,72.2542372881356,50.0,85.0,59
2025-05-27,73.29729729729729,56.0,94.0,37
2025-05-28,72.4090909090909,39.0,103.0,44
2025-05-29,68.70731707317073,34.0,83.0,41
2025-05-30,74.16,38.0,114.0,50
2025-05-31,75.36363636363636,63.0,96.0,11
2025-06-01,70.67647058823529,47.0,121.0,34
2025-06-02,47.0,47.0,47.0,1
2025-06-03,75.17948717948718,61.0,96.0,39
2025-06-04,71.32558139534883,55.0,114.0,43
2025-06-05,73.15,58.0,98.0,40
2025-06-06,71.3125,54.0,82.0,32
2025-06-07,67.92307692307692,46.0,83.0,13
2025-06-08,71.46666666666667,60.0,81.0,15
2025-06-09,70.61111111111111,43.0,86.0,36
2025-06-10,76.59615384615384,47.0,98.0,52
2025-06-11,71.84615384615384,43.0,89.0,39
2025-06-12,73.28571428571429,54.0,88.0,35
2025-06-13,72.13888888888889,54.0,90.0,72
2025-06-14,66.52631578947368,42.0,84.0,19
2025-06-15,68.6078431372549,50.0,131.0,51
2025-06-16,68.6,44.0,93.0,40
2025-06-17,68.65454545454546,57.0,90.0,55
2025-06-18,69.84782608695652,52.0,87.0,46
2025-06-19,66.57142857142857,36.0,85.0,35
2025-06-20,70.65714285714286,54.0,92.0,35
2025-06-21,67.44827586206897,60.0,89.0,29
2025-06-22,68.14,54.0,90.0,50
2025-06-23,70.95,40.0,94.0,40
2025-06-24,73.55102040816327,60.0,96.0,49
2025-06-25,72.21052631578948,55.0,88.0,38
2025-06-26,69.45,50.0,101.0,40
2025-06-27,70.8157894736842,55.0,94.0,38
2025-06-28,71.35714285714286,57.0,98.0,56
2025-06-29,67.96296296296296,40.0,82.0,27
2025-06-30,71.33333333333333,57.0,90.0,42
2025-07-01,70.61016949152543,51.0,86.0,59
2025-07-02,74.66666666666667,59.0,94.0,39
2025-07-03,73.88372093023256,50.0,114.0,43
2025-07-04,67.375,38.0,82.0,24
2025-07-05,68.57575757575758,58.0,93.0,33
2025-07-06,66.40625,33.0,105.0,32
2025-07-07,71.47368421052632,51.0,91.0,38
2025-07-08,69.16666666666667,31.0,82.0,54
2025-07-09,70.60526315789474,58.0,89.0,38
2025-07-10,70.26923076923077,60.0,84.0,26
2025-07-11,72.05714285714286,54.0,113.0,35
2025-07-12,72.12068965517241,43.0,108.0,58
2025-07-13,78.1063829787234,57.0,102.0,47
2025-07-14,73.3061224489796,59.0,103.0,49
2025-07-15,68.53333333333333,39.0,81.0,30
2025-07-16,70.52941176470588,46.0,95.0,34
2025-07-17,73.69565217391305,63.0,87.0,46
2025-07-18,72.51515151515152,56.0,88.0,33
2025-07-19,72.3103448275862,52.0,85.0,29
2025-07-20,75.8,69.0,86.0,15
2025-07-21,68.15555555555555,54.0,84.0,45
2025-07-22,68.0,46.0,86.0,44
2025-07-23,75.97222222222223,63.0,91.0,36
2025-07-24,68.7,48.0,87.0,60
2025-07-25,70.30555555555556,30.0,110.0,36
2025-07-26,71.3972602739726,45.0,90.0,73
2025-07-27,67.94736842105263,44.0,81.0,19
2025-07-28,74.8108108108108,57.0,89.0,37
2025-07-29,72.86842105263158,33.0,92.0,38
2025-07-30,73.38775510204081,57.0,110.0,49
2025-07-31,67.97777777777777,46.0,82.0,45
2025-08-01,72.0,48.0,83.0,27
2025-08-02,72.86666666666666,54.0,107.0,60
2025-08-03,71.24242424242425,59.0,83.0,33
2025-08-04,73.44827586206897,58.0,106.0,29
2025-08-05,73.53488372093024,58.0,91.0,43
2025-08-06,70.74545454545455,26.0,102.0,55
2025-08-07,70.13793103448276,45.0,89.0,29
2025-08-08,71.81666666666666,45.0,90.0,60
2025-08-09,66.6842105263158,52.0,81.0,19
2025-08-10,68.03125,53.0,92.0,32
2025-08-11,70.24242424242425,60.0,94.0,33
2025-08-12,70.65517241379311,50.0,84.0,29
2025-08-13,71.88636363636364,57.0,115.0,44
2025-08-14,69.08888888888889,43.0,86.0,45
2025-08-15,65.7,55.0,80.0,20
2025-08-16,65.78787878787878,41.0,95.0,33
2025-08-17,69.19607843137256,52.0,97.0,51
2025-08-18,73.11904761904762,42.0,86.0,42
2025-08-19,73.64285714285714,53.0,96.0,42
2025-08-20,74.48979591836735,58.0,104.0,49
2025-08-21,67.65217391304348,45.0,86.0,46
2025-08-22,73.02941176470588,56.0,103.0,34
2025-08-23,69.97647058823529,43.0,101.0,85
2025-08-24,70.91666666666667,52.0,115.0,60
2025-08-25,61.411764705882355,23.0,94.0,17
2025-08-26,67.7,40.0,97.0,40
2025-08-27,73.325,56.0,90.0,40
2025-08-28,67.59615384615384,56.0,83.0,52
2025-08-29,69.86440677966101,44.0,96.0,59
2025-08-30,70.0,57.0,92.0,15
2025-08-31,67.97674418604652,51.0,85.0,43
2025-09-01,72.56,51.0,86.0,25
2025-09-02,68.2280701754386,32.0,91.0,57
2025-09-03,73.275,55.0,89.0,40
2025-09-04,68.48387096774194,23.0,89.0,31
2025-09-05,70.75471698113208,33.0,96.0,53
2025-09-06,69.11111111111111,54.0,93.0,81
2025-09-07,69.44,58.0,85.0,25
2025-09-08,72.0,50.0,104.0,25
2025-09-09,71.44117647058823,30.0,94.0,34
2025-09-10,74.26470588235294,56.0,103.0,34
2025-09-11,69.61111111111111,50.0,93.0,36
2025-09-12,70.75925925925925,27.0,90.0,54
2025-09-13,71.70454545454545,52.0,96.0,44
2025-09-14,68.37037037037037,49.0,90.0,27
2025-09-15,69.75510204081633,45.0,87.0,49
2025-09-16,70.82539682539682,30.0,95.0,63
2025-09-17,68.27450980392157,37.0,88.0,51
2025-09-18,72.61538461538461,38.0,90.0,52
2025-09-19,68.19354838709677,31.0,110.0,62
2025-09-20,67.71428571428571,43.0,96.0,35
2025-09-21,69.91666666666667,36.0,97.0,36
2025-09-22,72.43181818181819,61.0,92.0,44
2025-09-23,75.71428571428571,57.0,98.0,35
2025-09-24,71.25,60.0,79.0,4
2025-09-25,68.72413793103448,27.0,99.0,58
2025-09-26,66.8125,41.0,88.0,64
2025-09-27,67.46666666666667,23.0,86.0,15
2025-09-28,67.21052631578948,50.0,93.0,76
2025-09-29,67.44680851063829,29.0,80.0,47
2025-09-30,69.92307692307692,42.0,87.0,52
2025-10-01,70.0,53.0,86.0,15
2025-10-02,65.75,60.0,80.0,4
2025-10-03,66.74545454545455,52.0,92.0,55
2025-10-04,64.71428571428571,54.0,75.0,7
2025-10-05,77.71428571428571,53.0,101.0,7
2025-10-06,62.55555555555556,54.0,74.0,36
2025-10-07,68.3972602739726,44.0,87.0,73
2025-10-08,67.08620689655173,49.0,101.0,58
2025-10-09,68.9375,48.0,109.0,48
2025-10-10,68.37209302325581,36.0,97.0,43
2025-10-11,66.66666666666667,49.0,99.0,54
2025-10-12,64.17241379310344,25.0,97.0,29
2025-10-13,69.13636363636364,50.0,82.0,44
2025-10-14,66.3859649122807,32.0,79.0,57
2025-10-15,69.30985915492958,32.0,96.0,71
2025-10-16,72.48387096774194,40.0,119.0,62
2025-10-17,67.94871794871794,43.0,86.0,39
2025-10-18,69.84848484848484,50.0,85.0,33
2025-10-19,71.5,55.0,103.0,36
2025-10-20,71.73333333333333,27.0,87.0,60
2025-10-21,70.4074074074074,50.0,99.0,54
2025-10-22,72.72727272727273,38.0,95.0,66
2025-10-23,71.0701754385965,43.0,91.0,57
2025-10-24,71.49019607843137,36.0,112.0,51
2025-10-25,68.79032258064517,33.0,98.0,62
2025-10-26,67.61538461538461,50.0,89.0,26
2025-10-27,71.55555555555556,52.0,98.0,45
2025-10-28,69.46153846153847,32.0,89.0,65
2025-10-29,70.6,19.0,93.0,60
2025-10-30,75.2,61.0,114.0,25
2025-10-31,68.675,40.0,88.0,40
2025-11-01,71.86206896551724,52.0,105.0,87
2025-11-02,71.73684210526316,55.0,95.0,57
2025-11-03,66.22222222222223,45.0,98.0,54
2025-11-04,73.72549019607843,59.0,100.0,51
2025-11-05,67.98461538461538,37.0,91.0,65
2025-11-06,67.7843137254902,29.0,97.0,51
2025-11-07,68.15217391304348,36.0,97.0,46
2025-11-08,78.58426966292134,46.0,95.0,89
2025-11-09,61.166666666666664,32.0,77.0,24
2025-11-10,70.5,50.0,122.0,34
2025-11-11,69.12,40.0,96.0,50
2025-11-12,68.33962264150944,52.0,89.0,53
2025-11-13,69.57777777777778,38.0,105.0,45
2025-11-14,69.96296296296296,34.0,85.0,27
2025-11-15,71.6,53.0,86.0,25
2025-11-16,64.83870967741936,36.0,82.0,31
2025-11-17,66.08,40.0,80.0,50
2025-11-18,67.48979591836735,50.0,84.0,49
2025-11-19,70.61111111111111,40.0,91.0,54
2025-11-20,68.81481481481481,53.0,100.0,54
2025-11-21,69.09433962264151,55.0,93.0,53
2025-11-22,67.08571428571429,37.0,80.0,35
2025-11-23,72.18032786885246,56.0,93.0,61
2025-11-24,75.04545454545455,47.0,96.0,44
2025-11-25,70.53125,57.0,95.0,64
2025-11-26,70.25806451612904,56.0,92.0,62
2025-11-27,72.0,46.0,88.0,48
2025-11-28,76.27118644067797,62.0,102.0,59
2025-11-29,66.92592592592592,49.0,99.0,81
2025-11-30,65.82352941176471,56.0,88.0,51
2025-12-01,70.37288135593221,32.0,93.0,59
2025-12-02,73.0,38.0,89.0,53
2025-12-03,71.04761904761905,55.0,101.0,42
2025-12-04,69.77777777777777,47.0,89.0,63
2025-12-05,71.08571428571429,60.0,85.0,35
2025-12-06,75.3913043478261,54.0,92.0,23
2025-12-07,65.66666666666667,28.0,81.0,21
2025-12-08,72.3103448275862,59.0,90.0,29
2025-12-09,63.513513513513516,34.0,96.0,74
2025-12-10,66.86274509803921,50.0,91.0,51
2025-12-11,68.125,50.0,97.0,72
2025-12-12,72.88461538461539,34.0,94.0,78
2025-12-13,68.16666666666667,47.0,88.0,30
2025-12-14,64.58536585365853,48.0,85.0,41
2025-12-15,72.26086956521739,23.0,102.0,69
2025-12-16,68.51063829787235,55.0,79.0,47
2025-12-17,68.30188679245283,46.0,85.0,53
2025-12-18,68.8,46.0,84.0,20
2025-12-19,70.6969696969697,46.0,86.0,33
2025-12-20,67.61176470588235,27.0,95.0,85
2025-12-21,67.16129032258064,27.0,92.0,31
2025-12-22,67.74509803921569,50.0,88.0,51
2025-12-23,72.78,53.0,89.0,50
2025-12-24,59.48571428571429,39.0,98.0,70
