category,author,rank,publish_date,title,url
超优质,小Lin竖着说,1,02-11,携程被反垄断调查，是因为太赚钱了么？,https://www.bilibili.com/video/BV1PMFSzwECi/
超优质,小Lin竖着说,2,01-22,金融圈爆雷不断，为啥保险公司几乎不倒？,https://www.bilibili.com/video/BV1pszjBUEGn/
超优质,小Lin竖着说,3,01-17,全球资本盯上大火箭，why？,https://www.bilibili.com/video/BV1ocryBREd3/
超优质,小Lin竖着说,4,01-13,"国内机器人的""最强大脑""，进化程度怎么样了？",https://www.bilibili.com/video/BV1hTr6BNEBn/
超优质,小Lin竖着说,5,01-09,美国突袭委内瑞拉抓走马杜罗，就是为了它的石油吗？,https://www.bilibili.com/video/BV1YniQB4ECb/
超优质,小Lin竖着说,6,01-08,市值511亿，全球大模型第一股诞生了…,https://www.bilibili.com/video/BV1AHiXB1E9s/
超优质,小Lin竖着说,7,2025-12-31,网友给华为乾崑智驾灵魂10问，高管只答了…,https://www.bilibili.com/video/BV1VqvhBwE7S/
超优质,小Lin竖着说,8,2025-12-03,退休之后，到底能领多少养老金？,https://www.bilibili.com/video/BV1P3SkBSEVJ/
超优质,小Lin竖着说,9,2025-12-01,香港大火背后：高层住宅困局怎么解？,https://www.bilibili.com/video/BV1gnSCBaEGR/
超优质,小Lin竖着说,10,2025-11-28,"星巴克中国""卖身""，9.9的时代要来了吗？",https://www.bilibili.com/video/BV1HTSLBqE44/
超优质,小Lin说,1,02-01,坐拥金山，却变成人间炼狱，委内瑞拉到底经历了什么?,https://www.bilibili.com/video/BV1xN6xBjEqy/
超优质,小Lin说,2,2025-12-29,【年度总结】一口气了解过去一年的全球经济｜关税战新格局,https://www.bilibili.com/video/BV111BeBPEaD/
超优质,小Lin说,3,2025-12-26,"""十五五"" 规划里，藏了什么重点？",https://www.bilibili.com/video/BV1tnBZBBEmG/
超优质,小Lin说,4,2025-12-18,同一款药价格差3倍，中国药价体系背后有何玄机？,https://www.bilibili.com/video/BV18KqpBMEiw/
超优质,小Lin说,5,2025-12-15,日本财团，背后有什么玄机？,https://www.bilibili.com/video/BV1ppmCBVEww/
超优质,小Lin说,6,2025-12-11,一口气了解赌球,https://www.bilibili.com/video/BV1NQmTBmEj5/
超优质,小Lin说,7,2025-11-14,GDP是会骗人的 | 一口气了解GDP,https://www.bilibili.com/video/BV1EjCgBeEn5/
超优质,小Lin说,8,2025-10-25,那些被制裁最最严重的国家，都怎么样了?,https://www.bilibili.com/video/BV1qVsRzbEQ2/
超优质,小Lin说,9,2025-10-15,"全球乱跑的""最贵""视频，看我发现了什么…？",https://www.bilibili.com/video/BV1wK4vznEW3/
超优质,小Lin说,10,2025-10-12,美元暴跌的背后...,https://www.bilibili.com/video/BV14U4uzRE1X/
超优质,小王Albert,1,02-13,日本右翼狂胜，高市早苗的野心摧毁中日未来,https://www.bilibili.com/video/BV11ccJz7En5/
超优质,小王Albert,2,02-11,高市早苗横扫日本政坛，东亚政治走向哪一步？【岛岛连线】,https://www.bilibili.com/video/BV1UUcxzzEpc/
超优质,小王Albert,3,02-07,经济趴窝 16 年，意大利怎么有胆量办冬奥？,https://www.bilibili.com/video/BV16mFCzgE8t/
超优质,小王Albert,4,02-05,上B站！和懂你的人一起弹幕看春晚,https://www.bilibili.com/video/BV1Mh6YBkECK/
超优质,小王Albert,5,01-31,掌握全球铜命脉，中美两大国伺候，到底是福是祸？【南非02|赞比亚】,https://www.bilibili.com/video/BV1eK6iBxEr5/
超优质,小王Albert,6,01-24,更危险的时代？特朗普365天赢学积分赛，强拿格陵兰，冷漠对日本，我们的挑战在哪里？【岛岛连线】,https://www.bilibili.com/video/BV1cqzuB4EJs/
超优质,小王Albert,7,01-22,【视频播客】对话王骁卷卷：想活到150岁看世界能癫成什么样,https://www.bilibili.com/video/BV1QMzEBTEDe/
超优质,小王Albert,8,01-16,伊朗就是下一个委内瑞拉？全国断网、军队下场，这次要变天了吗？,https://www.bilibili.com/video/BV1yyrrBZEgT/
超优质,小王Albert,9,01-09,美国为何绑架马杜罗？委内瑞拉为啥这么拉？中国有何启示？,https://www.bilibili.com/video/BV1fgrNBLE7h/
超优质,小王Albert,10,01-08,美国速通马杜罗，民进党都清澈了，乱世小国怎样不犯傻【岛岛连线】,https://www.bilibili.com/video/BV1nkimBdEhH/
超优质,罗永浩的十字路口,1,02-11,【正片】音乐人张玮玮×罗永浩！我们都是那个“混乱又伟大”的 90 年代的幸存者,https://www.bilibili.com/video/BV1MXFdzsEn2/
超优质,罗永浩的十字路口,2,02-11,很多人觉得张玮玮看着挺内向的，其实只要一聊音乐，他就成社牛+话痨了。2月11日，听听张玮玮对各种音乐形态的看法。,https://www.bilibili.com/video/BV1uDFdzdE3J/
超优质,罗永浩的十字路口,3,02-10,全中国仅有的两个看过琼瑶全集的奇男子见面了！和张玮玮一起充满羞耻感地聊聊那些年轻时看的书。,https://www.bilibili.com/video/BV19MFUz3EMm/
超优质,罗永浩的十字路口,4,02-10,西北民谣艺术家是如何在地道里对其他卖唱歌手实现降维打击的？听张玮玮讲述他和郭龙又穷又横的青年时代。,https://www.bilibili.com/video/BV1uLFUzqEVU/
超优质,罗永浩的十字路口,5,02-07,外骨骼真实案例，极壳助力香港火灾救援,https://www.bilibili.com/video/BV1gJFrzDEKy/
超优质,罗永浩的十字路口,6,02-07,拓竹创造基金，对发展创客文化有很大帮助,https://www.bilibili.com/video/BV1aLFrzWEky/
超优质,罗永浩的十字路口,7,02-07,“清闲人机工学椅是我心中最好的椅子”,https://www.bilibili.com/video/BV1aLFrzWEf3/
超优质,罗永浩的十字路口,8,02-07,罗永浩科普外骨骼，中国企业全面领先,https://www.bilibili.com/video/BV1GjFrzXEa7/
超优质,罗永浩的十字路口,9,02-07,“拓竹重新定义了消费级3D打印”,https://www.bilibili.com/video/BV1EwFrzAE6g/
超优质,罗永浩的十字路口,10,02-07,“想对自己员工好一点，就买清闲人机工学椅”,https://www.bilibili.com/video/BV1HoF6ziEi9/
超优质,稚晖君,1,02-13,绝世高手，马上下山！,https://www.bilibili.com/video/BV1SAcjzEEfC/
超优质,稚晖君,2,2025-12-31,全球首个个人机器人，由你定义！,https://www.bilibili.com/video/BV1LjiKBYEce/
超优质,稚晖君,3,2025-10-28,【灵犀X2】有灵创学得就是快，当机器人开始跳机械舞～,https://www.bilibili.com/video/BV1QtyzBkEXZ/
超优质,稚晖君,4,2025-10-24,【灵创平台】不用写代码，也能训练机器人？全球首个0代码创作平台来了！,https://www.bilibili.com/video/BV1dhsJzFESF/
超优质,稚晖君,5,2025-09-28,【开发日记】灵犀现学现卖，又是被X2可爱到的一天～,https://www.bilibili.com/video/BV1ELnRzWEaW/
超优质,稚晖君,6,2025-09-18,【灵犀X2】它快要学会人类的一切动作了...（好努力一机器人）,https://www.bilibili.com/video/BV1eMpizAEcg/
超优质,稚晖君,7,2025-08-27,拆解未来，灵犀X2-W原型机渲染细节,https://www.bilibili.com/video/BV1u2e1zEEPf/
超优质,稚晖君,8,2025-08-21,【硬核】新灵犀将以轮臂形态出击，X2-W作业智能机器人,https://www.bilibili.com/video/BV1w2Y9z4EWb/
超优质,稚晖君,9,2025-07-05,【硬核】运动智能新物种：灵犀X2-N成长记录~,https://www.bilibili.com/video/BV13p3mzAELS/
超优质,稚晖君,10,2025-05-16,【硬核】灵犀DLC：X2学会新技能了！,https://www.bilibili.com/video/BV1pmEJzoEYf/
超优质,影视飓风,1,8小时前,你的新设备能顶住吗？影视飓风年度样片,https://www.bilibili.com/video/BV1NGZtBwELa/
超优质,影视飓风,2,02-13,零下25度，我和百万设备谁先挂……,https://www.bilibili.com/video/BV1ztcjzwEiN/
超优质,影视飓风,3,02-11,能卖上亿美金？国产短剧如何征服世界？,https://www.bilibili.com/video/BV1ABcsztEcY/
超优质,影视飓风,4,02-09,改变视频行业的AI，快来了(但有点恐怖),https://www.bilibili.com/video/BV1A3cczZEf6/
超优质,影视飓风,5,02-07,这个公司…好奇怪啊,https://www.bilibili.com/video/BV1BbFkzYEgr/
超优质,影视飓风,6,02-05,我们做了一辆免费的全家福拍摄车。,https://www.bilibili.com/video/BV18QFYzoENL/
超优质,影视飓风,7,01-30,全新工作楼！,https://www.bilibili.com/video/BV1qc6iBfEPT/
超优质,影视飓风,8,01-27,一匹马身价上百万，赛马究竟在看什么？,https://www.bilibili.com/video/BV12Q6TBwE2J/
超优质,影视飓风,9,01-23,【杜比视界】我们在这里...拍到了没见过的素材,https://www.bilibili.com/video/BV1tizKB8EmF/
超优质,影视飓风,10,01-20,在新西兰能拍到什么？,https://www.bilibili.com/video/BV154kLBuEAr/
超优质,亿点点不一样,1,02-08,手术时，麻醉医生对你做了什么？,https://www.bilibili.com/video/BV1zvFZzyELF/
超优质,亿点点不一样,2,2025-12-30,我“歪七扭八”的不良体态，还能救回来吗？,https://www.bilibili.com/video/BV1iXv8BwELN/
超优质,亿点点不一样,3,2025-12-25,连吃高油高糖食物一周，这是我们身体发生的变化...,https://www.bilibili.com/video/BV186BLBREUM/
超优质,亿点点不一样,4,2025-12-01,我们拍到了大白鲨！,https://www.bilibili.com/video/BV1YWSiBjEZ2/
超优质,亿点点不一样,5,2025-11-07,实弹测试！防弹衣能挡住多快的子弹？,https://www.bilibili.com/video/BV1mr2MBJEiA/
超优质,亿点点不一样,6,2025-10-31,实拍！癌症是怎么被机器人切除的？,https://www.bilibili.com/video/BV1tm1KByEDX/
超优质,亿点点不一样,7,2025-10-17,在膝盖上钻洞？我们拍下了骨科手术全过程！,https://www.bilibili.com/video/BV1MoW7zrEsc/
超优质,亿点点不一样,8,2025-09-25,1秒变色是特效？这才是变色龙真正的变色过程！,https://www.bilibili.com/video/BV1Cfn4zJEyR/
超优质,亿点点不一样,9,2025-09-19,连续3天不卸妆，我的皮肤发生了什么……,https://www.bilibili.com/video/BV1KQW3zDE36/
超优质,亿点点不一样,10,2025-09-04,亲身实测！熬夜48小时，我的身体出现了变化……,https://www.bilibili.com/video/BV1SLaUzEEdB/
超优质,青蛙刀圣1993,1,02-10,从零入门，沙丘宇宙 | 新主降临，弗雷曼人的宿命开启(2/4),https://www.bilibili.com/video/BV16LFSzxELX/
超优质,青蛙刀圣1993,2,01-29,从零详解，沙丘宇宙 | 未来的故事，也是现在的故事(1/4)被命运裹挟的宗教救世主，是否带来了理想的天国？,https://www.bilibili.com/video/BV11v6gB6ErT/
超优质,青蛙刀圣1993,3,2025-11-25,旅游打卡2000年教堂文化，一口气极速浏览教堂通识，就可以冒充导游了！,https://www.bilibili.com/video/BV1nTUrBzE1n/
超优质,青蛙刀圣1993,4,2025-11-23,我们的语言何止是交流的工具，更是...... |揭开语言的面纱，难道真的自性本空？,https://www.bilibili.com/video/BV1AeUABqEyk/
超优质,青蛙刀圣1993,5,2025-10-14,超级脑洞，8项奥斯卡提名，揭开语言的奥秘(上),https://www.bilibili.com/video/BV1NU4XzyEKS/
超优质,青蛙刀圣1993,6,2025-08-02,少林CEO都被抓了，别再往功德箱里投 许愿钱 了！方丈一定会帮你超额实现的！,https://www.bilibili.com/video/BV1eNhhzuE5z/
超优质,青蛙刀圣1993,7,2025-07-12,十字军杀了我们的人，但我放下了宗教仇恨的执着 | 萨拉丁【天国王朝(4/4)】,https://www.bilibili.com/video/BV1zmMQzDEod/
超优质,青蛙刀圣1993,8,2025-07-05,教皇说这是上帝的战争，人性却说这是不义的杀戮【天国王朝(3/4)】,https://www.bilibili.com/video/BV1YC3DzLE4N/
超优质,青蛙刀圣1993,9,2025-06-28,一场1000年前的无差别屠杀，挑起了耶路撒冷的战争漩涡【天国王朝(2/4)】,https://www.bilibili.com/video/BV1CjKmzBEPx/
超优质,青蛙刀圣1993,10,2025-06-21,这部电影还原了一千年前，耶路撒冷的杀戮、仇恨与狂热【天国王朝(1/4)】,https://www.bilibili.com/video/BV1F6KczqETs/
超优质,林亦LYi,1,昨天,Seedance 2.0：说中国话的最强AI视频模型！,https://www.bilibili.com/video/BV1MiZyBSEV1/
超优质,林亦LYi,2,昨天,我做了个麻将外挂，决战春节！,https://www.bilibili.com/video/BV1DgcEzHEL5/
超优质,林亦LYi,3,02-06,内存为什么突然这么贵？,https://www.bilibili.com/video/BV1szFCz1EnK/
超优质,林亦LYi,4,01-30,AI大混战！假如三国群雄集体穿越到美国…,https://www.bilibili.com/video/BV1eK6iBxEY8/
超优质,林亦LYi,5,01-23,对话谷歌高管：我们要拥抱AI开发吗？,https://www.bilibili.com/video/BV1A8zTBWE4R/
超优质,林亦LYi,6,01-16,豆包手机得罪了谁？,https://www.bilibili.com/video/BV1zdrrBnEGR/
超优质,林亦LYi,7,01-09,用AI做属于自己的Galgame！,https://www.bilibili.com/video/BV1BXrNB2EEV/
超优质,林亦LYi,8,01-01,谷歌再次伟大了吗？,https://www.bilibili.com/video/BV1p3igBpE5k/
超优质,林亦LYi,9,2025-12-24,荣耀VS豆包：AI手机的不同解法,https://www.bilibili.com/video/BV1EtB7BrEk4/
超优质,林亦LYi,10,2025-12-19,为什么微信能让苹果低头做人？,https://www.bilibili.com/video/BV188qZBBEug/
创意区,手工耿,1,02-12,锂电锤子锂电活扳手,https://www.bilibili.com/video/BV1F7cvzQEFx/
创意区,手工耿,2,2025-11-21,我给挖掘机做了一柄大刀,https://www.bilibili.com/video/BV1CpyPBFEHC/
创意区,手工耿,3,2025-11-01,轮椅助推器,https://www.bilibili.com/video/BV1wa15BZEk8/
创意区,手工耿,4,2025-09-29,我新研制了一个关于老年痴呆的机器,https://www.bilibili.com/video/BV1FynzzEEUK/
创意区,手工耿,5,2025-06-11,做了一个钛合金鱼缸支架,https://www.bilibili.com/video/BV1oeMEznEj2/
创意区,手工耿,6,2025-05-16,自制多胞胎婴儿车，奶爸神器,https://www.bilibili.com/video/BV1dRE4zNEdg/
创意区,手工耿,7,2025-01-22,自制招财猫打雪仗机甲,https://www.bilibili.com/video/BV1pEwvevEYU/
创意区,手工耿,8,2025-01-09,上B站！弹幕看春晚,https://www.bilibili.com/video/BV1XbrYY4E35/
创意区,手工耿,9,2024-12-17,育娃波浪鼓,https://www.bilibili.com/video/BV1L4kEY4Epn/
创意区,手工耿,10,2024-12-06,我给德爷制作了一条荒野求生腰带,https://www.bilibili.com/video/BV1QiiiYDEAz/
历史区,小约翰可汗,1,02-14,意外风暴 伊朗·1978,https://www.bilibili.com/video/BV18WciziEFN/
历史区,小约翰可汗,2,02-08,灿烂阴云 伊朗·1963,https://www.bilibili.com/video/BV1QcFkzQE2k/
历史区,小约翰可汗,3,02-06,“世界上最糟糕的音乐节”在哪？【神奇组织48】,https://www.bilibili.com/video/BV129Fhz2Es2/
历史区,小约翰可汗,4,01-30,三 日 凌 空 佐 治 亚【神奇组织47】,https://www.bilibili.com/video/BV1us67BhEGQ/
历史区,小约翰可汗,5,01-20,带英的“钩子文学”究竟是什么？【神奇组织46】,https://www.bilibili.com/video/BV1sfkYBgEAN/
历史区,小约翰可汗,6,01-03,赠予沙阿（下） 伊朗·1953,https://www.bilibili.com/video/BV1mVvYBxExC/
历史区,小约翰可汗,7,01-01,美国“盗月社”如何偷苏联卫星？【神奇组织45】,https://www.bilibili.com/video/BV19WiMBvEYw/
历史区,小约翰可汗,8,2025-12-26,赠予沙阿（上） 伊朗·1951,https://www.bilibili.com/video/BV1oMBUBREK8/
历史区,小约翰可汗,9,2025-12-08,乌兹别克棉花案是如何结束的？【神奇组织44】,https://www.bilibili.com/video/BV1ne2rBPEYi/
历史区,小约翰可汗,10,2025-12-05,如何扳倒勋宗大驸马？【神奇组织43】,https://www.bilibili.com/video/BV1gd28BnETG/
历史区,渤海小吏,1,02-13,【荣枯鉴】善恶，贵贱，名实，福祸，此经道尽人间荣枯,https://www.bilibili.com/video/BV1AVcvzWETW/
历史区,渤海小吏,2,02-05,第八个年头了，讲讲渤海小吏的故事,https://www.bilibili.com/video/BV15RfdBcEqB/
历史区,渤海小吏,3,01-31,"深度|| 妖孽升仙班？河朔狮驼岭为何能够原地""匪""转""编""？",https://www.bilibili.com/video/BV1k96qBGEev/
历史区,渤海小吏,4,01-24,深度|| 安史落幕，刀枪生成自主意志，大唐为何遍地雇佣兵军团？,https://www.bilibili.com/video/BV1XhzMBrE7F/
历史区,渤海小吏,5,01-17,【官智经】官宦世家的不传之秘，求迁、免谪、建功、化难、释疑、远谤、藏拙、去患的秘密,https://www.bilibili.com/video/BV1zZrCBoEie/
历史区,渤海小吏,6,01-10,蠢和坏，谁的破坏力大？国史人祸第一档！安氏之乱演变为安史之乱！,https://www.bilibili.com/video/BV1TQrPBbEd5/
历史区,渤海小吏,7,01-04,孙郎叹，一步错步步错的蝴蝶效应，小霸王入江东的嗜杀悲哀,https://www.bilibili.com/video/BV1giiYBeEpj/
历史区,渤海小吏,8,2025-12-30,【英烈祭】张巡殉国！诗在！书在！青史在！华夏就在！,https://www.bilibili.com/video/BV1exvmBCExz/
历史区,渤海小吏,9,2025-12-25,血战香积寺！西北军区VS东北军区！盛唐武德的终极汇报演出！,https://www.bilibili.com/video/BV1K3B7BHEjV/
历史区,渤海小吏,10,2025-12-21,【硬核】他不是皇帝，却夺舍吸干了一个王朝【改革三部曲终章】,https://www.bilibili.com/video/BV1nVqzBqE92/
创意区,老师好我叫何同学,1,02-13,我们种了700朵记忆金属花...,https://www.bilibili.com/video/BV1CWcEzkECW/
创意区,老师好我叫何同学,2,01-25,郎朗《土耳其进行曲》魔法钢琴版,https://www.bilibili.com/video/BV1HSzQBEEk8/
创意区,老师好我叫何同学,3,01-24,当郎朗来弹魔法钢琴…,https://www.bilibili.com/video/BV1d2zCB7Eo8/
创意区,老师好我叫何同学,4,01-02,《花海》魔法钢琴版,https://www.bilibili.com/video/BV19QiFB5EMC/
创意区,老师好我叫何同学,5,01-01,【何同学】我们做了台魔法钢琴…,https://www.bilibili.com/video/BV1d1vUBUE54/
创意区,老师好我叫何同学,6,2025-11-20,【正片】何同学×罗永浩！青年何同学的骄傲与烦恼,https://www.bilibili.com/video/BV1G7yGBvEqs/
创意区,老师好我叫何同学,7,2025-11-18,为了帮粉丝放牛，我们做了这个...,https://www.bilibili.com/video/BV17PygBiETq/
创意区,老师好我叫何同学,8,2025-09-17,【何同学】最听劝的一代，但是... iPhone 17系列首发体验,https://www.bilibili.com/video/BV1uCptzTEt8/
创意区,老师好我叫何同学,9,2025-08-08,【何同学】我们拍到了7500光年外的风景…,https://www.bilibili.com/video/BV1Tct1ztE26/
创意区,老师好我叫何同学,10,2025-07-25,为了不用擦白板，我们做了这个...,https://www.bilibili.com/video/BV18LbDzjE5V/
创意区,★⑥檤轮囬★,1,01-31,探秘！18岁桌球助教是什么样的？,https://www.bilibili.com/video/BV1Dk6rBKEqB/
创意区,★⑥檤轮囬★,2,01-25,挑战！连续断食144小时会发生什么？,https://www.bilibili.com/video/BV1P2zQBnEpJ/
创意区,★⑥檤轮囬★,3,01-17,探秘！桌球助教是什么样的？,https://www.bilibili.com/video/BV1PKrCBYEFo/
创意区,★⑥檤轮囬★,4,01-10,懒人福利！跟着AI做减肥餐竟如此轻松？,https://www.bilibili.com/video/BV18TrKBTEM8/
创意区,★⑥檤轮囬★,5,01-03,从172到130：我的减重日记，致每一个不放弃的人,https://www.bilibili.com/video/BV1nDihBjEgU/
创意区,★⑥檤轮囬★,6,2025-11-23,找妹妹,https://www.bilibili.com/video/BV1rZUwBwEgs/
创意区,★⑥檤轮囬★,7,2025-11-01,一年之期已到！,https://www.bilibili.com/video/BV1F61jBFE4r/
创意区,★⑥檤轮囬★,8,2025-10-10,老婆，别杀我！,https://www.bilibili.com/video/BV1YDxCztERj/
创意区,★⑥檤轮囬★,9,2025-10-05,女装大佬？,https://www.bilibili.com/video/BV1fixazMEHm/
创意区,★⑥檤轮囬★,10,2025-08-31,我的后半生,https://www.bilibili.com/video/BV1VFaGz9Eke/
创意区,摄影师云飞,1,02-14,2025年我买过最值的10样东西！年度好物分享！,https://www.bilibili.com/video/BV1G9ZLByEBg/
创意区,摄影师云飞,2,02-11,坏消息缝合怪，好消息全缝了，傲风G7值不值得买？,https://www.bilibili.com/video/BV1etFSz7Etk/
创意区,摄影师云飞,3,02-09,最强 微信备份+管理、查看软件？手机存储空间有救了！【微备份】,https://www.bilibili.com/video/BV1xBcMzpELs/
创意区,摄影师云飞,4,02-07,百元耳机音质能打到什么水平？百元耳夹 vs 华为 vs 韶音 觅声北极星 让我意外,https://www.bilibili.com/video/BV17TFCzqEmh/
创意区,摄影师云飞,5,02-05,把音箱挂在耳朵上是什么体验？弱水时砂 SpeakFeel体验分享,https://www.bilibili.com/video/BV1tNfoBpEHi/
创意区,摄影师云飞,6,02-02,我用全自动的 EFI，把一台 Win老电脑变成了 Mac黑苹果,https://www.bilibili.com/video/BV1AGFKzzENn/
创意区,摄影师云飞,7,01-29,REDMI Buds 8 Pro 首发体验：这次是小升级，还是大换代？,https://www.bilibili.com/video/BV1L5zfBxE9J/
创意区,摄影师云飞,8,01-28,红米质感最好的 Turbo？REDMI Turbo 5 性能与影像实测...但,https://www.bilibili.com/video/BV1no6jBSEgu/
创意区,摄影师云飞,9,01-21,同样预算买苹果17还是16 pro？一对比，老旗舰依然是旗舰！,https://www.bilibili.com/video/BV14nkjBwEXq/
创意区,摄影师云飞,10,01-20,Xiaomi Sound 2 Pro 体验分享，不建议买一个............买两才强？,https://www.bilibili.com/video/BV12NkMBgECA/
创意区,唯一讲述者,1,01-24,西贝舆情贾总应负全责：贾总和西贝到底什么血海深仇？,https://www.bilibili.com/video/BV1RLz1B7Eix/
创意区,唯一讲述者,2,01-22,西贝关店102家后，贾总朋友圈堪比阎王点卯：问就是营商环境差！,https://www.bilibili.com/video/BV1gkzHBrEgM/
创意区,唯一讲述者,3,01-20,西贝再爆舆情，理记发文回应，逆天发文越讲越崩？,https://www.bilibili.com/video/BV1PVkJBeEpt/
创意区,唯一讲述者,4,01-18,西贝关店102家，贾总朋友圈血泪控诉，贾总总能给你整点新花样！,https://www.bilibili.com/video/BV1HQk4BDE28/
创意区,唯一讲述者,5,01-17,公关=诡辩？西贝贾国龙贾总，我现在需要你给我一个解释！！！,https://www.bilibili.com/video/BV1StrUBXEaQ/
创意区,唯一讲述者,6,01-14,燕云十六声飞白成诗翻车：当我觉得你有罪你就有罪时……,https://www.bilibili.com/video/BV15SrHB9Ek3/
创意区,唯一讲述者,7,01-09,霸王茶姬手打奶茶事件：我要是公关估计恨不得宰了你了！,https://www.bilibili.com/video/BV16arMBZEZ2/
创意区,唯一讲述者,8,01-05,网络玩梗，娱乐至死？对不起，梗背不起这么大的锅！,https://www.bilibili.com/video/BV1U2ixBCEdz/
创意区,唯一讲述者,9,01-01,网红“蛋神”爱吃蛋的变现之路有多难？,https://www.bilibili.com/video/BV1o3iLBoEnV/
创意区,唯一讲述者,10,2025-12-24,煮蛋成神，吃蛋翻车，保质期只有8天的网红梦。,https://www.bilibili.com/video/BV1PiBjB7EBp/
运动区,闫帅奇,1,昨天,健身情侣挑战非洲最高峰乞力马扎罗，被黑人文化震惊！,https://www.bilibili.com/video/BV1qZZyBeEN9/
运动区,闫帅奇,2,02-11,你敢信，我们在非洲体验了4元1次的健身房！,https://www.bilibili.com/video/BV1XVcszCE3B/
运动区,闫帅奇,3,02-05,为啥说【腿粗、屁股大】是基因彩票？,https://www.bilibili.com/video/BV1ieFYzuEW2/
运动区,闫帅奇,4,01-18,在登顶死亡率100%的雪山徒步！【梅里雪山】,https://www.bilibili.com/video/BV1kQraBAEFG/
运动区,闫帅奇,5,01-12,【什么是上火？】科学+大白话解释版,https://www.bilibili.com/video/BV1LcrhBEEuf/
运动区,闫帅奇,6,2025-12-25,挑战不带帐篷在南极户外生存1夜，能否成功？,https://www.bilibili.com/video/BV1sGB7BQEjj/
运动区,闫帅奇,7,2025-12-24,到南极了，手都在抖！风景太梦幻太不真实！,https://www.bilibili.com/video/BV1JJBLBuEp4/
运动区,闫帅奇,8,2025-11-21,第一次徒步居然干掉9个汉堡！难忘绝美海岸线徒步｜七大望东七娘山大雁顶望朗归东涌,https://www.bilibili.com/video/BV1PqU5BNEsc/
运动区,闫帅奇,9,2025-11-10,健身情侣挑战人生第一座雪山，结果？【奥太娜雪山】,https://www.bilibili.com/video/BV1J3kfBuEmt/
运动区,闫帅奇,10,2025-10-24,入睡困难、半夜总醒，99%的人都犯了这1个错。,https://www.bilibili.com/video/BV13qs7zEEgr/
运动区,北美运动学博士Bruce_PhD,1,02-08,【牛战士穆锐】药物计划属于什么水平？运动学博士锐评健美圈最新噩耗,https://www.bilibili.com/video/BV1PdFbzBEc8/
运动区,北美运动学博士Bruce_PhD,2,01-28,自然vs打药力量上限差距有多大｜你属于什么水平？运动学博士的深度解析,https://www.bilibili.com/video/BV1JR6GBvEvT/
运动区,北美运动学博士Bruce_PhD,3,2025-12-29,2026年最差的4种补剂，千万别中招！运动学博士的深度解析,https://www.bilibili.com/video/BV1hhvmBgEXj/
运动区,北美运动学博士Bruce_PhD,4,2025-12-01,全网独家！运动学博士Bruce连线大胃袋良子解读体检报告,https://www.bilibili.com/video/BV18CSkBoEs1/
运动区,北美运动学博士Bruce_PhD,5,2025-11-15,我给外国职业拳手观赏了赵鸿刚扇耳光和鸽舞缘通背拳……,https://www.bilibili.com/video/BV1mdCTBgELn/
运动区,北美运动学博士Bruce_PhD,6,2025-10-23,从走路困难到硬拉300kg，我是如何恢复腰突的｜含详细计划｜运动学博士的深度解析,https://www.bilibili.com/video/BV18jsqzeEUU/
运动区,北美运动学博士Bruce_PhD,7,2025-10-04,【全网最详细】一口气讲完如何增宽肩膀5cm｜含详细计划｜运动学博士的深度解析【哔需练练】,https://www.bilibili.com/video/BV1AgxHzjEvb/
运动区,北美运动学博士Bruce_PhD,8,2025-09-11,戒奖励，我是如何做到的｜健身要禁X吗？运动学博士教你如何重塑人生,https://www.bilibili.com/video/BV1f9HmzTEEV/
运动区,北美运动学博士Bruce_PhD,9,2025-08-02,独家｜北美运动学博士深度分析堂主体检报告,https://www.bilibili.com/video/BV12dh4zmE31/
运动区,北美运动学博士Bruce_PhD,10,2025-07-12,微胖圈传来噩耗!?运动学博士锐评胃袋恶魔良子,https://www.bilibili.com/video/BV1o5u5zrECe/
游戏区,怕上火暴王老菊,1,1小时前,王老菊教你探秘怪岛,https://www.bilibili.com/video/BV1fXcbzYEBS/
游戏区,怕上火暴王老菊,2,02-12,王老菊教你绿皮少女工坊,https://www.bilibili.com/video/BV1prc4zPE4B/
游戏区,怕上火暴王老菊,3,02-09,王老菊教你王八坨子,https://www.bilibili.com/video/BV1CTcgzHEDs/
游戏区,怕上火暴王老菊,4,02-05,王老菊教你剪头夫妻,https://www.bilibili.com/video/BV1FVFwzpEEC/
游戏区,怕上火暴王老菊,5,01-26,王老菊教你赛博打灰,https://www.bilibili.com/video/BV1LqzxBhE4c/
游戏区,怕上火暴王老菊,6,01-23,王老菊教你声控开挂,https://www.bilibili.com/video/BV1Zfz7BVEMV/
游戏区,怕上火暴王老菊,7,01-14,每天看车祸视频还是有用的,https://www.bilibili.com/video/BV1XRrHBnECU/
游戏区,怕上火暴王老菊,8,01-13,王老菊教你洞察脏比,https://www.bilibili.com/video/BV1386dBrE5s/
游戏区,怕上火暴王老菊,9,01-09,王老菊教你当嘎子,https://www.bilibili.com/video/BV1RfrNBkEUC/
游戏区,怕上火暴王老菊,10,2025-12-20,王老菊教你五色神雷,https://www.bilibili.com/video/BV11bq6BLEEv/
游戏区,龙崎棒棒糖,1,2025-09-05,机甲不一定需要驾驶《机甲战魔 神话之裔》评测,https://www.bilibili.com/video/BV1bYawznEsB/
游戏区,龙崎棒棒糖,2,2025-05-19,我为大唐复国土！大唐说我叛徒？,https://www.bilibili.com/video/BV15uERz6Eko/
游戏区,龙崎棒棒糖,3,2025-04-30,医生，我嘴里长了颗树，还有救吗？《明末：渊虚之羽》故事解析,https://www.bilibili.com/video/BV16zGbzaERW/
游戏区,龙崎棒棒糖,4,2025-04-07,活着，只为在旅途终点一死。,https://www.bilibili.com/video/BV1HbRUYSEUk/
游戏区,龙崎棒棒糖,5,2025-03-21,碰到怪就吸血？怪猎荒野回血大法心得分享,https://www.bilibili.com/video/BV1SwXrYKEe5/
游戏区,龙崎棒棒糖,6,2025-03-04,大炮打蚊子？英特尔U7 265K救得了怪猎荒野吗？,https://www.bilibili.com/video/BV1Wk9EYvEUJ/
游戏区,龙崎棒棒糖,7,2024-12-09,到底是人是鬼？一试便知《燕云十六声》终测试玩,https://www.bilibili.com/video/BV1UYqPY4EUf/
游戏区,龙崎棒棒糖,8,2024-12-01,人类灭绝后，反而成了神？《荒野起源》首曝PV剧情猜想,https://www.bilibili.com/video/BV1RuzHY9EYt/
游戏区,龙崎棒棒糖,9,2024-09-25,千万世的豪赌，箍困不住他吗？《黑神话悟空》世界观故事-果篇2（西行起因+黄风岭）,https://www.bilibili.com/video/BV1MLsmevEYw/
游戏区,龙崎棒棒糖,10,2024-09-23,神佛饮血吗？《黑神话：悟空》上古故事-果篇1,https://www.bilibili.com/video/BV141t5e2E4V/
游戏区,龙四爷攻略组,1,02-14,原神月之五（6.4版本）抽卡推荐,https://www.bilibili.com/video/BV1jSZLB7EMx/
游戏区,龙四爷攻略组,2,02-13,终末地武陵三合一毕业蓝图（景玉谷天王坪）,https://www.bilibili.com/video/BV1WocjzGEBU/
游戏区,龙四爷攻略组,3,02-06,鸣潮爱弥斯全面测评,https://www.bilibili.com/video/BV1SPFkzSEqz/
游戏区,龙四爷攻略组,4,02-04,原神兹白叶洛亚全面测评,https://www.bilibili.com/video/BV1bsfdBSEGX/
游戏区,龙四爷攻略组,5,01-29,明日方舟终末地基建攻略一条龙-武陵毕业蓝图——息壤装备原件、低容武陵电池、锦草软饮、芽针针剂,https://www.bilibili.com/video/BV14E6wBJEcM/
游戏区,龙四爷攻略组,6,01-28,关于四号谷地毕业蓝图的说明——适用于之前已经搭建产线的管理员,https://www.bilibili.com/video/BV1b66jBhE1T/
游戏区,龙四爷攻略组,7,01-27,终末地四号谷地毕业蓝图,https://www.bilibili.com/video/BV1CF6gBeE65/
游戏区,龙四爷攻略组,8,01-23,终末地开荒配队和抽卡问题,https://www.bilibili.com/video/BV1ZtzcB8EZ7/
游戏区,龙四爷攻略组,9,01-20,终末地开服优化和抽卡推荐,https://www.bilibili.com/video/BV1Q9kjBzEbn/
游戏区,龙四爷攻略组,10,01-16,原神伊涅芙复刻省流教学,https://www.bilibili.com/video/BV1UWkTBMEAV/
游戏区,月爱,1,02-16,【荣耀梯度排行67】我会在不同的对局，选出不一样的元/缘神！,https://www.bilibili.com/video/BV1BYcEziExN/
游戏区,月爱,2,02-14,【王者皮肤排行】盘点历届年限皮肤，哪一年才是真神？,https://www.bilibili.com/video/BV1ekcEz8EKy/
游戏区,月爱,3,02-13,快速上手年限英雄，玩法强度一手掌握！,https://www.bilibili.com/video/BV1XZcLzQEuC/
游戏区,月爱,4,02-04,【巅峰数据排行139】这是谁家的“超标”英雄，快领走！,https://www.bilibili.com/video/BV14KfoBQESo/
游戏区,月爱,5,01-30,冰痕之握怎么突然成了“超标”装备？,https://www.bilibili.com/video/BV1Sj6BB4Ebg/
游戏区,月爱,6,01-25,【巅峰数据排行138】孩子们，我又被开发了！,https://www.bilibili.com/video/BV1dLz4BeEXT/
游戏区,月爱,7,01-23,发育路为何又成为最“牢”分路？,https://www.bilibili.com/video/BV1oizNB6Exh/
游戏区,月爱,8,01-20,【巅峰数据排行137】哪条路没人ban，好难猜啊,https://www.bilibili.com/video/BV1ZHk7BnEFZ/
游戏区,月爱,9,01-16,【热门出装鉴定32】辅助守赢黄忠！辅助奶龙！,https://www.bilibili.com/video/BV1dwrkBjE3z/
游戏区,月爱,10,01-13,【梯度排行抢先版】跟着版本走，星星摘到手,https://www.bilibili.com/video/BV1Hzr5B7ELt/
游戏区,刀客阿林,1,17小时前,YYF旅游途中监控兄弟们RPG自己无限落后，现买笔记本上号追赶,https://www.bilibili.com/video/BV1pbZ1BVE58/
游戏区,刀客阿林,2,22小时前,Doinb享受uzi四保一待遇“太爽了！好舒服！”潘子小小发大力翻盘！,https://www.bilibili.com/video/BV1RnZyBfE1t/
游戏区,刀客阿林,3,昨天,撸小妹“一只猛龙”天梯1分探底，免费SC收麻了，打了两天只赢了一把,https://www.bilibili.com/video/BV1bVZCB1EVR/
游戏区,刀客阿林,4,02-16,赤小兔：喊Ame来Ticu玩；牢A要参加帕鲁杯？；七海娜娜米和老鸡奇遇记的CP粉,https://www.bilibili.com/video/BV1AfZTBuEdb/
游戏区,刀客阿林,5,02-16,川神“发小结婚”请大Mu出山替补参加宝可梦,https://www.bilibili.com/video/BV1dGZKBDETs/
游戏区,刀客阿林,6,02-16,S级任务：Ams戴上猫耳用夹子音“喵”着解说比赛,https://www.bilibili.com/video/BV1tAZABcE34/
游戏区,刀客阿林,7,02-14,杰出哥：下次Ticu星际区打撸区二八开，教Doinb捏爆Sed,https://www.bilibili.com/video/BV1GfZLBGEnc/
游戏区,刀客阿林,8,02-14,DOTA2社区赛遍地开花，又来了一个“魔剑杯”赢一把BO1就拿2K,https://www.bilibili.com/video/BV14MZjBNEDE/
游戏区,刀客阿林,9,02-11,《Doinb情商拉满，舔住YYF“刀区牛逼”》,https://www.bilibili.com/video/BV1N6cbzkEB2/
游戏区,刀客阿林,10,02-11,Sylar一号位小鱼人，9分钟0个补刀，赢了...,https://www.bilibili.com/video/BV1kBcsz4E6q/
游戏区,Leah莉娅又迟到啦,1,02-13,原神月之五抽卡建议！魔导、月感电怎么选？丝柯克还值得抽吗？,https://www.bilibili.com/video/BV1JYc8zKEtn/
游戏区,Leah莉娅又迟到啦,2,02-13,童年记忆出手游了？波斯王子：失落的王冠试玩评测！,https://www.bilibili.com/video/BV1E2cizDEsx/
游戏区,Leah莉娅又迟到啦,3,02-06,叶洛亚要不要捞命座？兹白手法如何改进？白马仙人常见问题答疑！,https://www.bilibili.com/video/BV13VFqzuEWa/
游戏区,Leah莉娅又迟到啦,4,02-04,【仁王3】女武神开荒！全流程通关实况（更新中）,https://www.bilibili.com/video/BV1L6fSBLExZ/
游戏区,Leah莉娅又迟到啦,5,01-29,兹白实战表现如何？没少女叶洛亚能玩吗？白马仙人全方位角色评测！,https://www.bilibili.com/video/BV1DD63BEEUj/
游戏区,Leah莉娅又迟到啦,6,01-21,月之四6.3幽境危战难度5攻略，水温逐渐上升了！,https://www.bilibili.com/video/BV164z5BBE7P/
游戏区,Leah莉娅又迟到啦,7,01-19,这一集啊，还真是从头离谱到尾呢！！,https://www.bilibili.com/video/BV1d1ktBCEb4/
游戏区,Leah莉娅又迟到啦,8,01-19,什么游戏制作七年？太吾绘卷试玩线下试玩vlog!,https://www.bilibili.com/video/BV1r5kbB9EkJ/
游戏区,Leah莉娅又迟到啦,9,01-16,6.3月之四新深渊满星教学！少女拯救老角色，简单无脑有手就行！,https://www.bilibili.com/video/BV1e1kABqEwf/
游戏区,Leah莉娅又迟到啦,10,01-14,少女怎么抽性价比最高？哥伦比娅常见问题答疑！,https://www.bilibili.com/video/BV1SBrnBGEbi/
游戏区,dogsama,1,02-15,故事轻松，玩法舒适，新年来玩《勇者斗恶龙7 Reimagined》,https://www.bilibili.com/video/BV1xCZWBWENf/
游戏区,dogsama,2,02-12,这才是历史叙事，是非对错万古不易，泪奔中渡桥《燕云十六声》剧情解读,https://www.bilibili.com/video/BV12mcvzcEnG/
游戏区,dogsama,3,02-10,赛博猜拳，年度游戏金句，世界是一个巨大的剪刀石头布！,https://www.bilibili.com/video/BV1JjFSzRErX/
游戏区,dogsama,4,02-06,😡库洛原来你会发糖呀！😡《战双帕弥什》剧情解读,https://www.bilibili.com/video/BV1bHFrzJESn/
游戏区,dogsama,5,02-05,߹ᯅ߹爱弥斯你不要走！世界欠你一个微笑《鸣潮 3.1》剧情深度解读,https://www.bilibili.com/video/BV1ftFYzGEkm/
游戏区,dogsama,6,02-02,我跟宠物大合体！大世界捉宠新萌物，这下真玩《伊莫》，不emo了！,https://www.bilibili.com/video/BV1BHFKzaEub/
游戏区,dogsama,7,01-28,热血不凉，武侠不死！动作流畅到不可思议《枕刀歌》真的很不错！,https://www.bilibili.com/video/BV11d6uBTEsF/
游戏区,dogsama,8,01-22,开荒必备，一口气帮你打通两个游戏的世界观逻辑《明日方舟终末地》,https://www.bilibili.com/video/BV1SEznBMEwy/
游戏区,dogsama,9,01-21,从打怪刷宝，到黑话搬砖，一个视频看懂《火炬之光 无限》应该如何玩！,https://www.bilibili.com/video/BV1KizLBHEVS/
游戏区,dogsama,10,01-19,斩杀线！白银的剧情太会照进现实了《白银之城》一测感受！,https://www.bilibili.com/video/BV1YJkeBdEmC/
游戏区,青木菌Aoki,1,12小时前,Ame圣剑寂灭小骷髅 XG鏖战80分钟艰难拿下Tundra 取得关键一分,https://www.bilibili.com/video/BV1iNZmBqEUa/
游戏区,青木菌Aoki,2,22小时前,Doinb天梯第一把小黑 享受帝王般玩命4保1待遇 射得太爽了 被小金频繁gank 爸爸在打决赛快去找妈妈！,https://www.bilibili.com/video/BV13mZCBpEBP/
游戏区,青木菌Aoki,3,昨天,刀塔春晚 XG 2:0 Spirit 森哥ame黑白双弓 老崩蛤蟆弹琴弹上瘾迷路了,https://www.bilibili.com/video/BV1kbZ3BLEBm/
游戏区,青木菌Aoki,4,02-16,撸区三兄弟 icon doinb yyj 158人头激情大乱斗 小黑无限暂停文斗,https://www.bilibili.com/video/BV1VRZ4BCEB2/
游戏区,青木菌Aoki,5,02-10,刀撸魔兽竞技场大乱斗 谢天谢D首次联动 谢彬小动作频出 老魔兽yyf轻松拿下doinb,https://www.bilibili.com/video/BV13zFQzmEWH/
游戏区,青木菌Aoki,6,02-09,雕哥队让一追二老11队拿下熊掌杯冠军 木叶守住了 奶哥放歌庆祝,https://www.bilibili.com/video/BV1WjcAzAEbU/
游戏区,青木菌Aoki,7,02-06,杨院士最新讲座《极氪经济学》 和皮鞋一起疯狂拷打路垚赵子星两只乌龟 赵子星语气真不对了,https://www.bilibili.com/video/BV1L9FrztE7G/
游戏区,青木菌Aoki,8,02-03,森哥首谈复出原因 被XG不服输的精神刺激 以及老将Cr1t的坚持 Ame回应痛哭视频 X哥：森哥有点太团队了 CNDOTA白银一代访谈,https://www.bilibili.com/video/BV1PtF5zhEpd/
游戏区,青木菌Aoki,9,02-02,大秦双雄查理斯xinq唱双簧 串爆皮鞋毛哥 超级英雄太坏了 随便玩玩把毛哥踢死了,https://www.bilibili.com/video/BV1bCFKz7EUj/
游戏区,青木菌Aoki,10,01-29,眼子大战彬雕 谢彬DP打团bkb坐门旅游 惨遭翻盘,https://www.bilibili.com/video/BV1g76PBfEV6/
影视综,一条闲木鱼,1,02-16,鱼文乐祝列位诸公新年快乐！,https://www.bilibili.com/video/BV1tGcjzVEBQ/
影视综,一条闲木鱼,2,02-15,高层政变怎么搞？八爷绝地求生！【雍正王朝十级学者】第51回,https://www.bilibili.com/video/BV1BSc4zoEdN/
影视综,一条闲木鱼,3,02-07,人心向背！独木难支！雍正新政为何难以成功？【雍正王朝十级学者】第50回,https://www.bilibili.com/video/BV1xDF6z6EBj/
影视综,一条闲木鱼,4,01-31,朋党？雍正血洗清流派的真相！【雍正王朝十级学者】第49回,https://www.bilibili.com/video/BV1Qa6vBUET7/
影视综,一条闲木鱼,5,01-24,为什么八爷党难消灭？因为人人都是八爷党！【雍正王朝十级学者】第48回,https://www.bilibili.com/video/BV11uzgBeEFc/
影视综,一条闲木鱼,6,01-17,大清第一酷吏？田文镜与海瑞的差距有多大！【雍正王朝十级学者】第47回,https://www.bilibili.com/video/BV1BcryBRE58/
影视综,一条闲木鱼,7,01-10,种地？种个屁！对特权阶级开刀，有多难？【雍正王朝十级学者】第46回,https://www.bilibili.com/video/BV1RcrKB3E7Y/
影视综,一条闲木鱼,8,01-07,看《大明王朝》十遍，治好了我的精神内耗！,https://www.bilibili.com/video/BV1NhqMBREA2/
影视综,一条闲木鱼,9,2025-12-27,新政进入深水区！收手吧雍正，外面都是旗人！【雍正王朝十级学者】第45回,https://www.bilibili.com/video/BV1kLBiBaETW/
影视综,一条闲木鱼,10,2025-12-20,咎由自取？君要臣死？年羹尧究竟为何而死？【雍正王朝十级学者】第44回,https://www.bilibili.com/video/BV1ikqBBZEsB/
影视综,CC琦先生,1,8小时前,【春节档】神仙打架！今年春节档竟出奇的好看，一口气看完三部热门春节档评价,https://www.bilibili.com/video/BV1v3ZSB3Ewv/
影视综,CC琦先生,2,02-13,【CC放映室】“有钱没钱 回家过年”，春运归家爆笑囧途，万字精讲经典喜剧《人在囧途》,https://www.bilibili.com/video/BV1oxcvzLEC1/
影视综,CC琦先生,3,02-10,武侠迷狂喜！真打真骑真武侠，一口气补全《镖人》世界观！,https://www.bilibili.com/video/BV1GXFUzGEqX/
影视综,CC琦先生,4,02-09,【CC放映室】《葫芦娃》的亲兄弟？起底失传的“十兄弟”，万字精讲经典香港奇幻无厘头喜剧《十兄弟》,https://www.bilibili.com/video/BV179cKzeEDe/
影视综,CC琦先生,5,02-02,国漫再亮大活！笑傲江湖能否笑傲“国漫江湖”,https://www.bilibili.com/video/BV11tFNzzEiP/
影视综,CC琦先生,6,01-27,"【CC放映室】周星驰最有""私心""的一部电影，农村小将对战世界台球大师，万字精讲周星驰经典喜剧《龙的传人》",https://www.bilibili.com/video/BV1uK6uBrEmD/
影视综,CC琦先生,7,2025-12-25,【CC放映室】回忆杀！最适合圣诞夜重温的电影，万字精讲经典家庭喜剧《小鬼当家》,https://www.bilibili.com/video/BV1DKBQB9EJe/
影视综,CC琦先生,8,2025-12-07,爽爽爽！2025年末神剧，宁古塔流犯逆袭“商王”，古装传奇剧《大生意人》,https://www.bilibili.com/video/BV1y7mFBoEyB/
影视综,CC琦先生,9,2025-11-30,【CC放映室】一台“艳遇手机”，揭露都市爱情的真相，万字解析经典都市喜剧《爱情呼叫转移》,https://www.bilibili.com/video/BV1YsSiB1ELF/
影视综,CC琦先生,10,2025-11-22,中国喜剧界的“扫地僧”，跨界开嗓再填惊喜！魏翔的23年励志逆袭路,https://www.bilibili.com/video/BV1UqUnBtEE3/
影视综,木鱼水心,1,02-15,史上最长假期！春节档9部新片谁最值得看？【有备而来】,https://www.bilibili.com/video/BV1avZxBqENp/
影视综,木鱼水心,2,02-03,你以为的「独立思考」，只是被植入的「幻觉」？100年前的预言，讲透现代人认知困境的顶级神作！,https://www.bilibili.com/video/BV14AFLziEzp/
影视综,木鱼水心,3,01-31,领导非要在禁酒国家喝两杯，怎么办？,https://www.bilibili.com/video/BV1TV6nBiEpV/
影视综,木鱼水心,4,01-17,国防基地也能白送？亏损4000万！内鬼竟是我自己！,https://www.bilibili.com/video/BV1shryBNEpN/
影视综,木鱼水心,5,01-07,宁愿备战「核战争」也决不内卷，公务员为合法摸鱼竟...,https://www.bilibili.com/video/BV14gi5BzEF8/
影视综,木鱼水心,6,01-01,新的一年你能暴富吗？用3000年前的龟甲算一卦！,https://www.bilibili.com/video/BV1Syi5BLEvd/
影视综,木鱼水心,7,2025-12-12,全年无休，却一事无成？为了政绩，他拿下属做筹码…,https://www.bilibili.com/video/BV1HammBXEAf/
影视综,木鱼水心,8,2025-12-01,爬到顶峰需要几步？当你拿到钥匙的那一刻，才是这套「铁打规则」猎杀的开始！,https://www.bilibili.com/video/BV1o9S1B2EeF/
影视综,木鱼水心,9,2025-11-26,丑闻危机！「内鬼」竟是我老板？,https://www.bilibili.com/video/BV1y1UaBQEo5/
影视综,木鱼水心,10,2025-11-07,一个签名，至于吗?,https://www.bilibili.com/video/BV1P32gBUEgP/
影视综,开心嘴炮,1,昨天,反转反转又反转，逆天视觉特效背后谁才是真正的boss？,https://www.bilibili.com/video/BV1MfZVBYEi4/
影视综,开心嘴炮,2,02-16,连续九季平均评分破9！这也敢翻拍？！高低得看两眼,https://www.bilibili.com/video/BV1Mbc7znE92/
影视综,开心嘴炮,3,02-10,总预测票房超80亿？一条视频帮你挑选春节档电影,https://www.bilibili.com/video/BV1UdcuzfEEr/
影视综,开心嘴炮,4,01-23,25年不播，原来是在憋大招！2026待播剧盘点,https://www.bilibili.com/video/BV1rMzKBUELN/
影视综,开心嘴炮,5,01-16,看懂了！我要回八十年代收钱造城！赵丽颖《小城大事》热血解说,https://www.bilibili.com/video/BV1iskKBUEKo/
影视综,开心嘴炮,6,01-13,3万字重温《御赐小仵作》！无缝接档第二部！古偶探案白月光回来了！,https://www.bilibili.com/video/BV1C6rzBXEWP/
影视综,开心嘴炮,7,2025-12-26,2025年度狗血抽象巅峰！四个孕妇大战三个妈！万字解说《四喜》,https://www.bilibili.com/video/BV1pUBeBwEcv/
影视综,开心嘴炮,8,2025-12-23,大厂精英被逼辞职?当老板还要被催婚?企二代遇上打压式教育!给我看的心服口服！,https://www.bilibili.com/video/BV1yyBpBNEuo/
影视综,开心嘴炮,9,2025-12-16,离异姐姐与资助的高三男学生同居！没有边界的越轨暧昧也叫甜？！《狙击蝴蝶》吐槽,https://www.bilibili.com/video/BV1wvqhBnEHo/
影视综,开心嘴炮,10,2025-12-09,00后待爆花打响2025气炸全网第一炮！这一年真是没白等,https://www.bilibili.com/video/BV1K22yBXEH2/
影视综,前进四放映室,1,1小时前,真实的间谍就在身边？最真实的谍战片 惊蛰无声,https://www.bilibili.com/video/BV1YnZ9BDEcz/
影视综,前进四放映室,2,昨天,春节档唯一科幻片，值不值得冲？,https://www.bilibili.com/video/BV179ZkB8EEc/
影视综,前进四放映室,3,02-16,西雅图富人区生活是什么样的？我跟流浪汉交易差点回不来了！美国Vlog-西雅图,https://www.bilibili.com/video/BV1XeZjBjEH6/
影视综,前进四放映室,4,02-08,过年聚会玩什么？从夯到拉评价20款爆火聚会游戏！,https://www.bilibili.com/video/BV1mLFZztEpk/
影视综,前进四放映室,5,02-01,一步之遥全面解读 第一集 【前进四版】,https://www.bilibili.com/video/BV1cv64B1EzU/
影视综,前进四放映室,6,01-30,美国“斩杀线”火爆全网？拆解美国制度神话，直面霸权崛起真相！,https://www.bilibili.com/video/BV1Nw6vBgEFe/
影视综,前进四放映室,7,01-20,【无广】为什么我拥有最薄折叠屏还不满足？,https://www.bilibili.com/video/BV1L5keBFE9k/
影视综,前进四放映室,8,01-16,跨越13000km参加CES，我找到了最实用的黑科技！,https://www.bilibili.com/video/BV18hrrBBE4k/
影视综,前进四放映室,9,01-09,毕业十年的捣蛋鬼整出什么大活儿？拓竹H2S H2D整活儿指南！,https://www.bilibili.com/video/BV1v7iQBbEtz/
影视综,前进四放映室,10,01-01,从2002到2032 手机还能怎么变？,https://www.bilibili.com/video/BV1LHigB1E6P/
数分,不知渭河-数据分析版,1,2025-11-29,数据分析想要驱动业务，就不要太追求方法正确,https://www.bilibili.com/video/BV1sBSFBcEw1/
数分,不知渭河-数据分析版,2,2025-11-16,新手/转行数据分析师每天都是杂活怎么办？,https://www.bilibili.com/video/BV1onCdBtE1Z/
数分,不知渭河-数据分析版,3,2025-11-01,数据分析案例实践-如何制定一个评分体系？,https://www.bilibili.com/video/BV1y91LBhEw4/
数分,不知渭河-数据分析版,4,2025-10-25,别傻了，数据分析师其实并不承担分析决策的能力,https://www.bilibili.com/video/BV1NAsfzXEZV/
数分,不知渭河-数据分析版,5,2025-08-24,数据分析师26届秋招求职攻略,https://www.bilibili.com/video/BV18xeHzyEcm/
数分,不知渭河-数据分析版,6,2025-08-11,在数据分析转行的路上，希望你没有因为这个花太多时间,https://www.bilibili.com/video/BV1j6bNzaEx1/
数分,不知渭河-数据分析版,7,2025-07-13,低能量人为什么不适合进互联网大厂,https://www.bilibili.com/video/BV1Suuwz4E52/
数分,不知渭河-数据分析版,8,2025-04-29,为什么互联网数据分析师的活是干不完的？,https://www.bilibili.com/video/BV1YdLmz5Ecs/
数分,不知渭河-数据分析版,9,2025-04-07,如果从一开始就用AI学习数据分析……,https://www.bilibili.com/video/BV1DZZUY6Exq/
数分,不知渭河-数据分析版,10,2025-03-29,为什么越来越多的岗位要求垂类经验？如何破局？,https://www.bilibili.com/video/BV1m6ZwYiEPg/
